id,input,query,lat,lng,resolved,status
"1","서울특별시 영등포구 국제금융로 10  (여의도동)","서울특별시 영등포구 국제금융로 10","37.5251775245928","126.924876706923","서울 영등포구 국제금융로 10","OK"
"2","인천광역시 중구 공항로424번길 48-27  (운서동)","인천광역시 중구 공항로424번길 48-27","37.4385606080819","126.459658890927","인천 중구 공항로424번길 48-27","OK"
"3","서울특별시 강남구 테헤란로29길 11  (역삼동)","서울특별시 강남구 테헤란로29길 11","37.5024019992909","127.038482463623","서울 강남구 테헤란로29길 11","OK"
"4","인천광역시 부평구 광장로 10  (부평동)","인천광역시 부평구 광장로 10","37.4904446690465","126.722068872287","인천 부평구 광장로 10","OK"
"5","서울특별시 영등포구 선유로 88-6 노바루스관관호텔 (양평동1가)","서울특별시 영등포구 선유로 88-6 노바루스관관호텔","37.5216509923162","126.890704426465","서울 영등포구 선유로 88-6","OK"
"6","서울특별시 동작구 시흥대로 596  (신대방동)","서울특별시 동작구 시흥대로 596","37.4856282661036","126.904310488692","서울 동작구 시흥대로 596","OK"
"7","서울특별시 영등포구 여의대로 8  (여의도동)","서울특별시 영등포구 여의대로 8","37.5212177736272","126.918583649607","서울 영등포구 여의대로 8","OK"
"8","울산광역시 남구 삼산로 246 울산시티호텔 (달동)","울산광역시 남구 삼산로 246 울산시티호텔","35.5383410190575","129.334114295582","울산 남구 삼산로 246","OK"
"9","서울특별시 광진구 동일로 214 (군자동)","서울특별시 광진구 동일로 214","37.5508139803543","127.069177342229","서울 광진구 동일로 214","OK"
"10","서울특별시 중구 퇴계로 334  (광희동2가)","서울특별시 중구 퇴계로 334","37.5641228221932","127.008722376639","서울 중구 퇴계로 334","OK"
"11","인천광역시 중구 영종해안남로321번길 208  (운서동)","인천광역시 중구 영종해안남로321번길 208","37.4404634809323","126.457464899839","인천 중구 영종해안남로321번길 208","OK"
"12","서울특별시 강남구 논현로 854  (신사동)","서울특별시 강남구 논현로 854","37.5253215967063","127.028865132152","서울 강남구 논현로 854","OK"
"13","경상남도 통영시 미수해안로 72  (미수동)","경상남도 통영시 미수해안로 72","34.8320306238586","128.406918261329","경남 통영시 미수해안로 72","OK"
"14","인천광역시 중구 영종해안남로321번길 190  (운서동)","인천광역시 중구 영종해안남로321번길 190","37.4398298995074","126.456113275998","인천 중구 영종해안남로321번길 190","OK"
"15","부산광역시 해운대구 해운대해변로 310 1층 (중동)","부산광역시 해운대구 해운대해변로 310 1층","35.1614458583433","129.164666050916","부산 해운대구 해운대해변로 310","OK"
"16","부산광역시 해운대구 해운대해변로237번길 5  (우동)","부산광역시 해운대구 해운대해변로237번길 5","35.1595069543943","129.157354475409","부산 해운대구 해운대해변로237번길 5","OK"
"17","인천광역시 연수구 테크노파크로 200  (송도동)","인천광역시 연수구 테크노파크로 200","37.3922870830609","126.637857610227","인천 연수구 테크노파크로 200","OK"
"18","경상북도 구미시 3공단1로 296  (임수동)","경상북도 구미시 3공단1로 296","36.1086214143412","128.402670238424","경북 구미시 3공단1로 296","OK"
"19","서울특별시 강남구 논현로 734  (논현동)","서울특별시 강남구 논현로 734","37.5175465879491","127.029533933539","서울 강남구 논현로 734","OK"
"20","울산광역시 남구 삼산로 204  (달동)","울산광역시 남구 삼산로 204","35.5375358147425","129.329616011079","울산 남구 삼산로 204","OK"
"21","울산광역시 남구 삼산로 282  (삼산동)","울산광역시 남구 삼산로 282","35.5386361445316","129.338055247345","울산 남구 삼산로 282","OK"
"22","전라남도 목포시 평화로 79  (상동)","전라남도 목포시 평화로 79","34.7971046123247","126.433400814068","전남 목포시 평화로 79","OK"
"23","강원도 춘천시 하중도길 128 레고랜드 호텔 (중도동)","강원도 춘천시 하중도길 128 레고랜드 호텔","37.8822424628078","127.696392391009","강원특별자치도 춘천시 하중도길 128","OK"
"24","부산광역시 해운대구 마린시티1로 51  (우동)","부산광역시 해운대구 마린시티1로 51","35.15657960006","129.141874959976","부산 해운대구 마린시티1로 51","OK"
"25","인천광역시 남동구 석촌로46번길 47  (간석동)","인천광역시 남동구 석촌로46번길 47","37.4642790413782","126.711603387784","인천 남동구 석촌로46번길 47","OK"
"26","경상남도 창원시 마산합포구 월영동11길 19 (해운동)","경상남도 창원시 마산합포구 월영동11길 19","35.1806507589365","128.565095436485","경남 창원시 마산합포구 월영동11길 19","OK"
"27","서울특별시 서초구 신반포로 176  (반포동)","서울특별시 서초구 신반포로 176","37.5039351769908","127.002413006799","서울 서초구 신반포로 176","OK"
"28","부산광역시 해운대구 동백로 67  (우동)","부산광역시 해운대구 동백로 67","35.1559933232415","129.154042762478","부산 해운대구 동백로 67","OK"
"29","서울특별시 종로구 새문안로 97  (당주동)","서울특별시 종로구 새문안로 97","37.5706978504521","126.975398227489","서울 종로구 새문안로 97","OK"
"30","강원도 홍천군 두촌면 광석로 898-87 2/2","강원도 홍천군 두촌면 광석로 898-87 2/2","","","","NOT_FOUND"
"31","인천광역시 중구 월미로248번길 1  (북성동1가)","인천광역시 중구 월미로248번길 1","37.4738928782995","126.598541591336","인천 중구 월미로248번길 1","OK"
"32","전라남도 장흥군 장평면 제산기동로 326","전라남도 장흥군 장평면 제산기동로 326","34.8027049406644","126.970800075955","전남 장흥군 장평면 제산기동로 326","OK"
"33","전라남도 영암군 삼호읍 대불로 91","전라남도 영암군 삼호읍 대불로 91","34.7334749842651","126.38732068369","전남 영암군 삼호읍 대불로 91","OK"
"34","전라북도 군산시 한밭안길 30  (나운동)","전라북도 군산시 한밭안길 30","35.9584639416904","126.692845380416","전북특별자치도 군산시 한밭안길 30","OK"
"35","경상남도 통영시 미수해안로 152  (봉평동)","경상남도 통영시 미수해안로 152","34.8329534053527","128.413997457778","경남 통영시 미수해안로 152","OK"
"36","전라남도 여수시 오동도로 111 소노캄 여수 (수정동)","전라남도 여수시 오동도로 111 소노캄 여수","34.7423838360548","127.754414157539","전남 여수시 오동도로 111","OK"
"37","울산광역시 동구 방어진순환도로 875 라한호텔 울산 (전하동)","울산광역시 동구 방어진순환도로 875 라한호텔 울산","35.5196691736589","129.430257378457","울산 동구 방어진순환도로 875","OK"
"38","경상북도 경주시 보문로 484-7  (신평동)","경상북도 경주시 보문로 484-7","35.8399132683983","129.285947654449","경북 경주시 보문로 484-7","OK"
"39","경기도 광명시 일직로12번길 22  (일직동)","경기도 광명시 일직로12번길 22","37.4212333196877","126.88197712039","경기 광명시 일직로12번길 22","OK"
"40","대전광역시 유성구 엑스포로 1  (도룡동)","대전광역시 유성구 엑스포로 1","36.3751817693989","127.381765372066","대전 유성구 엑스포로 1","OK"
"41","경상북도 경주시 보문로 422  (신평동)","경상북도 경주시 보문로 422","35.8443873227269","129.285143307704","경북 경주시 보문로 422","OK"
"42","경상북도 청송군 청송읍 중앙로 315","경상북도 청송군 청송읍 중앙로 315","36.436245163675","129.062558031939","경북 청송군 청송읍 중앙로 315","OK"
"43","경기도 안양시 동안구 흥안대로 513  (관양동)","경기도 안양시 동안구 흥안대로 513","37.3997631493251","126.976329490659","경기 안양시 동안구 흥안대로 513","OK"
"44","대구광역시 수성구 팔현길 212  (만촌동)","대구광역시 수성구 팔현길 212","35.8743956534157","128.659657115395","대구 수성구 팔현길 212","OK"
"45","경기도 성남시 수정구 창업로 18 나인트리 프리미어 호텔 서울 판교 (시흥동)","경기도 성남시 수정구 창업로 18 나인트리 프리미어 호텔 서울 판교","37.4134341398421","127.098395147212","경기 성남시 수정구 창업로 18","OK"
"46","전라북도 군산시 새만금북로 435 . (오식도동)","전라북도 군산시 새만금북로 435 .","35.9485160539689","126.583917779381","전북특별자치도 군산시 새만금북로 435","OK"
"47","대구광역시 동구 동부로26길 6  (신천동)","대구광역시 동구 동부로26길 6","35.8752175612884","128.627638855379","대구 동구 동부로26길 6","OK"
"48","강원도 고성군 토성면 미시령옛길 1153 소노캄 호텔 델피노","강원도 고성군 토성면 미시령옛길 1153 소노캄 호텔 델피노","38.2131162786595","128.493440366843","강원특별자치도 고성군 토성면 미시령옛길 1153","OK"
"49","인천광역시 중구 용유서로 262-15  (을왕동)","인천광역시 중구 용유서로 262-15","37.4450066045171","126.379301501537","인천 중구 용유서로 262-15","OK"
"50","경상남도 통영시 통영해안로 407  (정량동)","경상남도 통영시 통영해안로 407","34.8458848519034","128.4309056354","경남 통영시 통영해안로 407","OK"
"51","경기도 용인시 처인구 백암면 고안로 48","경기도 용인시 처인구 백암면 고안로 48","37.1327235769127","127.402936536786","경기 용인시 처인구 백암면 고안로 48","OK"
"52","경상북도 경주시 보문로 338  (신평동)","경상북도 경주시 보문로 338","35.8503202142501","129.27718955893","경북 경주시 보문로 338","OK"
"53","부산광역시 부산진구 가야대로 772  (부전동)","부산광역시 부산진구 가야대로 772","35.156789983664","129.056416218143","부산 부산진구 가야대로 772","OK"
"54","강원도 강릉시 강동면 율곡로 1441","강원도 강릉시 강동면 율곡로 1441","37.7054583826871","129.007843904557","강원특별자치도 강릉시 강동면 율곡로 1441","OK"
"55","광주광역시 서구 상무누리로 55  (치평동)","광주광역시 서구 상무누리로 55","35.1475517828744","126.838106380955","광주 서구 상무누리로 55","OK"
"56","부산광역시 수영구 민락수변로 29 11층, 12층 (민락동)","부산광역시 수영구 민락수변로 29 11층, 12층","35.1532353292792","129.124656209034","부산 수영구 민락수변로 29","OK"
"57","충청남도 당진시 송악읍 한진포구길 30-38","충청남도 당진시 송악읍 한진포구길 30-38","36.9695409644919","126.78156815004","충남 당진시 송악읍 한진포구길 30-38","OK"
"58","부산광역시 남구 전포대로 133  (문현동)","부산광역시 남구 전포대로 133","35.1482823676143","129.065472544207","부산 남구 전포대로 133","OK"
"59","대구광역시 동구 팔공산로185길 11 (용수동)","대구광역시 동구 팔공산로185길 11","35.9909458915253","128.692104362369","대구 동구 팔공산로185길 11","OK"
"60","대전광역시 유성구 엑스포로123번길 33  (도룡동)","대전광역시 유성구 엑스포로123번길 33","36.3761915083194","127.393027449497","대전 유성구 엑스포로123번길 33","OK"
"61","전라북도 남원시 주천면 원천로 217","전라북도 남원시 주천면 원천로 217","35.4081371445415","127.414454303596","전북특별자치도 남원시 주천면 원천로 217","OK"
"62","경상남도 통영시 도남로 347 (도남동)","경상남도 통영시 도남로 347","34.8250590321833","128.440130261994","경남 통영시 도남로 347","OK"
"63","부산광역시 해운대구 해운대해변로 292  (중동)","부산광역시 해운대구 해운대해변로 292","35.1600663074705","129.163127599383","부산 해운대구 해운대해변로 292","OK"
"64","충청북도 청주시 청원구 내수읍 신기초정로 699","충청북도 청주시 청원구 내수읍 신기초정로 699","36.7190822842738","127.598676005517","충북 청주시 청원구 내수읍 신기초정로 699","OK"
"65","부산광역시 해운대구 달맞이길 30  (중동, 엘시티)","부산광역시 해운대구 달맞이길 30","35.1613327099223","129.168013841974","부산 해운대구 달맞이길 30","OK"
"66","전라남도 여수시 삼산면 거문도등대길 54","전라남도 여수시 삼산면 거문도등대길 54","34.019747390302","127.302831642264","전남 여수시 삼산면 거문도등대길 54","OK"
"67","경기도 포천시 소흘읍 죽엽산로 432-17","경기도 포천시 소흘읍 죽엽산로 432-17","37.7962085728519","127.16463674117","경기 포천시 소흘읍 죽엽산로 432-17","OK"
"68","경상남도 거제시 장평3로 80-37  (장평동)","경상남도 거제시 장평3로 80-37","34.8961574095213","128.612322390409","경남 거제시 장평3로 80-37","OK"
"69","충청북도 음성군 맹동면 장성로 107","충청북도 음성군 맹동면 장성로 107","36.9051719724737","127.545726028422","충북 음성군 맹동면 장성로 107","OK"
"70","광주광역시 동구 금남로 226-11","광주광역시 동구 금남로 226-11","35.1486618891796","126.916529643132","광주 동구 금남로 226-11","OK"
"71","충청북도 충주시 대소원면 메가폴리스2로 63","충청북도 충주시 대소원면 메가폴리스2로 63","36.9916048140072","127.816684725756","충북 충주시 대소원면 메가폴리스2로 63","OK"
"72","전라북도 군산시 가도안1길 45  (오식도동)","전라북도 군산시 가도안1길 45","35.9463056229293","126.561593567955","전북특별자치도 군산시 가도안1길 45","OK"
"73","대전광역시 유성구 온천로 81","대전광역시 유성구 온천로 81","36.3551304956729","127.347881127961","대전 유성구 온천로 81","OK"
"74","충청북도 충주시 수안보면 탑골1길 36","충청북도 충주시 수안보면 탑골1길 36","36.8437472950489","127.980777850729","충북 충주시 수안보면 탑골1길 36","OK"
"75","경기도 고양시 일산동구 태극로 20","경기도 고양시 일산동구 태극로 20","37.6619258028574","126.750807663885","경기 고양시 일산동구 태극로 20","OK"
"76","울산광역시 울주군 상북면 석남로 752-8","울산광역시 울주군 상북면 석남로 752-8","35.616018698749","129.059435759278","울산 울주군 상북면 석남로 752-8","OK"
"77","전라북도 전주시 덕진구 정언신로 186  (우아동2가)","전라북도 전주시 덕진구 정언신로 186","35.8317345411926","127.173679165533","전북특별자치도 전주시 덕진구 정언신로 186","OK"
"78","부산광역시 서구 충무대로 16  (암남동)","부산광역시 서구 충무대로 16","35.0772435540525","129.016403782493","부산 서구 충무대로 16","OK"
"79","광주광역시 동구 지호로164번길 14-10  (지산동)","광주광역시 동구 지호로164번길 14-10","35.1487597375332","126.946834844587","광주 동구 지호로164번길 14-10","OK"
"80","대전광역시 서구 한밭대로570번길 29-20  (월평동)","대전광역시 서구 한밭대로570번길 29-20","36.3569327594214","127.363263914889","대전 서구 한밭대로570번길 29-20","OK"
"81","경상북도 울릉군 울릉읍 도동1길 21-1","경상북도 울릉군 울릉읍 도동1길 21-1","37.4827565255181","130.907304514103","경북 울릉군 울릉읍 도동1길 21-1","OK"
"82","대구광역시 중구 국채보상로 611  (문화동)","대구광역시 중구 국채보상로 611","35.8709525706163","128.598106175158","대구 중구 국채보상로 611","OK"
"83","대구광역시 동구 팔공산로 1121  (용수동)","대구광역시 동구 팔공산로 1121","35.9917106062718","128.690121039379","대구 동구 팔공산로 1121","OK"
"84","충청남도 천안시 서북구 성정공원5로 42","충청남도 천안시 서북구 성정공원5로 42","36.827490150499","127.142243819131","충남 천안시 서북구 성정공원5로 42","OK"
"85","광주광역시 서구 상무연하로 46","광주광역시 서구 상무연하로 46","35.1522550763953","126.850520946837","광주 서구 상무연하로 46","OK"